{
  "epoch": [
    1,
    2,
    3,
    4,
    5,
    6,
    7,
    8,
    9,
    10,
    11,
    12,
    13,
    14,
    15,
    16,
    17,
    18,
    19,
    20,
    21,
    22,
    23,
    24,
    25,
    26,
    27,
    28,
    29,
    30,
    31,
    32,
    33,
    34,
    35,
    36,
    37,
    38,
    39,
    40,
    41,
    42,
    43,
    44,
    45,
    46,
    47,
    48,
    49,
    50,
    51,
    52,
    53,
    54,
    55,
    56,
    57,
    58,
    59,
    60,
    61,
    62,
    63,
    64,
    65,
    66,
    67,
    68,
    69,
    70,
    71,
    72,
    73,
    74,
    75,
    76,
    77,
    78,
    79,
    80,
    81,
    82,
    83,
    84,
    85,
    86,
    87,
    88,
    89,
    90,
    91,
    92,
    93,
    94,
    95,
    96,
    97,
    98,
    99,
    100
  ],
  "train_loss": [
    3.1187573576730396,
    2.653250470994011,
    2.5516228600153847,
    2.477420027293856,
    2.4225813888368153,
    2.408512652866424,
    2.367426073740399,
    2.3704465835813493,
    2.3153514218708824,
    2.260383030724904,
    2.3006423882075717,
    2.2742298141358392,
    2.3301669718727234,
    2.325482474433051,
    2.2341765373472184,
    2.2172489923144143,
    2.2250515014406234,
    2.207466715858096,
    2.1997370000869507,
    2.1963416091979497,
    2.2064610549381802,
    2.188004111486768,
    2.1869762473636203,
    2.1811083309234136,
    2.1802618617103215,
    2.1866855848403204,
    2.1818169336470348,
    2.535558995746431,
    2.287976003828503,
    2.179963777935694,
    2.215649305828034,
    2.172470902639722,
    2.176206429799398,
    2.1729488372802734,
    2.1681768969883994,
    2.179100305315048,
    2.167202113166688,
    2.1636363135443792,
    2.190197993838598,
    2.162099247887021,
    2.177072600712852,
    2.1759148136017816,
    2.1711406556386796,
    2.1697228976658414,
    2.1597229450468034,
    2.1617196552337163,
    2.159235193615868,
    2.1534052160051136,
    2.1588082994733537,
    2.147356850760324,
    2.1563148990510004,
    2.149658032826015,
    2.1484253974187943,
    2.148388919376192,
    2.1423515554458374,
    2.1637257886311363,
    2.151650281179519,
    2.1451775308639283,
    2.144586922630431,
    2.1427306636931402,
    2.137268108034891,
    2.1366324954562717,
    2.1342730143713573,
    2.133699330072554,
    2.129384737166147,
    2.1304400988987515,
    2.129784879230318,
    2.1323539567372154,
    2.1387177497621566,
    2.137247918144105,
    2.1331081125471325,
    2.1273743425096785,
    2.1297695031241766,
    2.1275705723535445,
    2.127993761547028,
    2.128390754972185,
    2.1248529676407104,
    2.1238559352027044,
    2.1224979938022672,
    2.123746224812099,
    2.123279393665374,
    2.1220568437424916,
    2.122073771461608,
    2.120024045308431,
    2.1184231742979986,
    2.1189289282238675,
    2.1189839839935303,
    2.119080808427599,
    2.119119258154006,
    2.1178377809978666,
    2.118811974449763,
    2.1192261150905063,
    2.1180070392669195,
    2.1178553066556414,
    2.1182020732334683,
    2.11638215231517,
    2.1166641144525435,
    2.1175476823534285,
    2.1179106878855873,
    2.1169804277874174
  ],
  "val_loss": [
    2.6371347223009383,
    2.6671499524797713,
    2.4966733115059987,
    2.441568749291556,
    2.434827600206648,
    2.4367125374930247,
    2.379533733640398,
    2.40777918270656,
    2.3171119349343434,
    2.2420890671866283,
    2.425643171582903,
    2.3282085146222795,
    2.484213556562151,
    2.2789335591452464,
    2.238341740199498,
    2.260951280593872,
    2.2344907011304582,
    2.213196005140032,
    2.208989109311785,
    2.2134043148585727,
    2.2126693725585938,
    2.1984749180930003,
    2.195256403514317,
    2.1889563628605435,
    2.187596457345145,
    2.1913177967071533,
    2.3539936201913014,
    2.445175988333566,
    2.202850648335048,
    2.18899975504194,
    2.1805183546883717,
    2.1709539890289307,
    2.184347765786307,
    2.179550818034581,
    2.1876557213919505,
    2.270770992551531,
    2.1717311995370046,
    2.161019733973912,
    2.1822397027696883,
    2.161756992340088,
    2.1732791491917203,
    2.201629332133702,
    2.18727251461574,
    2.1759091104779924,
    2.163761990410941,
    2.1718879767826627,
    2.156059503555298,
    2.161609513419015,
    2.165114402770996,
    2.1644344329833984,
    2.1677889142717635,
    2.166468688419887,
    2.1576244149889265,
    2.1550613812037875,
    2.148587669645037,
    2.1624073641640797,
    2.154700449534825,
    2.14876583644322,
    2.160025562558855,
    2.140791041510446,
    2.1418725081852505,
    2.142343487058367,
    2.1448167051587785,
    2.141369138445173,
    2.1394905703408376,
    2.137512002672468,
    2.1372005939483643,
    2.146408353533064,
    2.1418634142194475,
    2.1451544761657715,
    2.1411314010620117,
    2.1453125136239186,
    2.1392913545881,
    2.1425783974783763,
    2.1448436123984203,
    2.1431926659175327,
    2.139008487973894,
    2.132723195212228,
    2.132035732269287,
    2.1332050391605923,
    2.132662330354963,
    2.1379101276397705,
    2.1326122283935547,
    2.1384208542960033,
    2.139990976878575,
    2.1389718055725098,
    2.1365388120923723,
    2.1344499588012695,
    2.134911366871425,
    2.1358621461050853,
    2.1303156784602573,
    2.1344640595572337,
    2.1342922619410922,
    2.1338880402701244,
    2.1342459746769498,
    2.1323583466666087,
    2.1324291910443987,
    2.1316282408578053,
    2.130056994301932,
    2.1302196638924733
  ],