{
  "stationary": {
    "EMD": {
      "ortho": 0.1553911557945143,
      "energy_ratio": 0.7943743909048537,
      "mode_mix": 0.48359200465031604,
      "if_rmse": 14.62870268215923,
      "if_rmse_std": 1.2902809730731062,
      "time_ms": 6.7181335762143135
    },
    "VMD": {
      "ortho": 0.04540025209582045,
      "energy_ratio": 0.6748652843973287,
      "mode_mix": 0.2327151706082402,
      "if_rmse": 10.343779378208335,
      "if_rmse_std": 2.030569984892449,
      "time_ms": 9.067908115684986
    },
    "N-EMD": {
      "ortho": 2.1310275302825852e-05,
      "energy_ratio": 0.999978534434504,
      "mode_mix": 0.22142402428216448,
      "if_rmse": 17.407983975667456,
      "if_rmse_std": 0.7943958436796191,
      "time_ms": 9.976191818714142
    }
  },
  "chirp_trio": {
    "EMD": {
      "ortho": 0.10880414105770567,
      "energy_ratio": 0.8133521620597429,
      "mode_mix": 0.4784541890932828,
      "if_rmse": 14.20589851662738,
      "if_rmse_std": 1.123830468918589,
      "time_ms": 5.916841793805361
    },
    "VMD": {
      "ortho": 0.06481393408387545,
      "energy_ratio": 0.708276225517513,
      "mode_mix": 0.21741206887893672,
      "if_rmse": 6.986696951995119,
      "if_rmse_std": 3.1918783328022804,
      "time_ms": 13.169533386826515
    },
    "N-EMD": {
      "ortho": 1.4751574003023645e-05,
      "energy_ratio": 0.9999851370122059,
      "mode_mix": 0.2639821344185127,
      "if_rmse": 18.270618336073426,
      "if_rmse_std": 1.1000346315733296,
      "time_ms": 2.2036501206457615
    }
  },
  "crossing_chirps": {
    "EMD": {
      "ortho": 0.039853275673529025,
      "energy_ratio": 0.8660424583967503,
      "mode_mix": 0.38847921423237547,
      "if_rmse": 20.672432940642576,
      "if_rmse_std": 1.6955527661724688,
      "time_ms": 4.463166370987892
    },
    "VMD": {
      "ortho": 0.08092008950872812,
      "energy_ratio": 0.6890137137224416,
      "mode_mix": 0.31895725080077375,
      "if_rmse": 15.35981846447478,
      "if_rmse_std": 1.9844268103777472,
      "time_ms": 13.008517026901245
    },
    "N-EMD": {
      "ortho": 2.337925838828317e-05,
      "energy_ratio": 0.9999765249621673,
      "mode_mix": 0.25053717621017074,
      "if_rmse": 25.66612645968138,
      "if_rmse_std": 1.771305409437782,
      "time_ms": 4.6698253601789474
    }
  },
  "widening_am": {
    "EMD": {
      "ortho": 0.07556479153267619,
      "energy_ratio": 0.8349944638247386,
      "mode_mix": 0.31566871570084787,
      "if_rmse": 11.301651319872482,
      "if_rmse_std": 3.985376156472655,
      "time_ms": 4.648683313280344
    },
    "VMD": {
      "ortho": 0.0149958120207325,
      "energy_ratio": 0.8726887921826213,
      "mode_mix": 0.12312388323902838,
      "if_rmse": 4.6106036084240785,
      "if_rmse_std": 3.296177737824,
      "time_ms": 9.976733103394508
    },
    "N-EMD": {
      "ortho": 3.703411744039112e-05,
      "energy_ratio": 0.9999629047202317,
      "mode_mix": 0.24186845996680573,
      "if_rmse": 18.778743935787578,
      "if_rmse_std": 4.043959586168081,
      "time_ms": 2.4188333190977573
    }
  },
  "piecewise": {
    "EMD": {
      "ortho": 0.1663568494493733,
      "energy_ratio": 0.9856108623082825,
      "mode_mix": 0.4154888876199158,
      "if_rmse": 17.558004960585738,
      "if_rmse_std": 0.7152810497148717,
      "time_ms": 4.752550087869167
    },
    "VMD": {
      "ortho": 0.053813555513165245,
      "energy_ratio": 0.663540635268207,
      "mode_mix": 0.3329634871732058,
      "if_rmse": 17.971426594366697,
      "if_rmse_std": 2.9023436417290855,
      "time_ms": 15.392049588263035
    },
    "N-EMD": {
      "ortho": 1.8471511886945988e-05,
      "energy_ratio": 0.9999814513909182,
      "mode_mix": 0.31136411815380244,
      "if_rmse": 19.02751210384398,
      "if_rmse_std": 0.1467518688802863,
      "time_ms": 2.0842501893639565
    }
  }
}