{
  "EMD": {
    "ortho_mean": 0.3768702303834348,
    "ortho_std": 0.3890676109324462,
    "energy_mean": 3.6868559408111494,
    "energy_std": 10.312487497469549,
    "band_occupancy": [
      [
        11.31184250330445,
        3.3573463083734247,
        11.34722084019816,
        30.794895289827995
      ],
      [
        7.318299779347155,
        5.97890304458017,
        35.70712599083548,
        34.25637980586895
      ],
      [
        12.48520865351383,
        12.93222658069417,
        48.27941540624634,
        5.8468789838525215
      ],
      [
        22.992643245615596,
        24.81605297221466,
        16.190134943079023,
        1.236270983125916
      ]
    ]
  },
  "VMD": {
    "ortho_mean": 0.13143512156643586,
    "ortho_std": 0.08400357612716194,
    "energy_mean": 0.8658761632338394,
    "energy_std": 0.14042494051173682,
    "band_occupancy": [
      [
        25.991749058232504,
        24.93112396580498,
        36.65881176144074,
        1.5647503490455645
      ],
      [
        0.9042258755541958,
        1.017276609171002,
        23.71916932344311,
        48.94826457771988
      ],
      [
        1.11519288443788,
        0.7196541025201248,
        18.66743384896874,
        53.110109648668754
      ],
      [
        1.036925217851644,
        1.581138109273434,
        2.510606231460946,
        8.613803205985093
      ]
    ]
  },
  "N-EMD": {
    "ortho_mean": 0.014676471297922907,
    "ortho_std": 0.059522349579715104,
    "energy_mean": 0.988030863323757,
    "energy_std": 0.04263713226982598,
    "band_occupancy": [
      [
        1.7233860413396709,
        0.35994596823576575,
        2.5197829437397855e-13,
        8.280766465752782e-09
      ],
      [
        7.718401778805949,
        5.973702142257677,
        21.250433345691853,
        9.383759356895483
      ],
      [
        5.980850814697882,
        36.83646666857119,
        23.48651271412392,
        11.50791622139541
      ],
      [
        19.97498231581736,
        20.790500247450574,
        12.345400499424192,
        2.1627386578075622
      ]
    ]
  }
}