{
  "config": {
    "seeds": [
      0,
      1,
      2
    ],
    "n_epochs": 30,
    "T": 2000,
    "fs": 100.0,
    "n_epochs_total": 4689,
    "n_subjects": 29,
    "class_counts": {
      "0": 1569,
      "1": 3120
    },
    "pipelines": [
      "majority",
      "emd_mlp",
      "vmd_mlp",
      "vmd_mlp_big",
      "mel_fb_mlp"
    ]
  },
  "results": {
    "majority": {
      "accs": [
        0.6666666865348816,
        0.6666666865348816,
        0.6666666865348816
      ],
      "bal_accs": [
        0.49999999999999883,
        0.49999999999999883,
        0.49999999999999883
      ],
      "f1s": [
        0.3999999999997592,
        0.3999999999997592,
        0.3999999999997592
      ]
    },
    "emd_mlp": {
      "accs": [
        0.6666666865348816,
        0.6666666865348816,
        0.6666666865348816
      ],
      "bal_accs": [
        0.49999999999999883,
        0.49999999999999883,
        0.49999999999999883
      ],
      "f1s": [
        0.3999999999997592,
        0.3999999999997592,
        0.3999999999997592
      ]
    },
    "vmd_mlp": {
      "accs": [
        0.6666666865348816,
        0.6666666865348816,
        0.6666666865348816
      ],
      "bal_accs": [
        0.49999999999999883,
        0.49999999999999883,
        0.49999999999999883
      ],
      "f1s": [
        0.3999999999997592,
        0.3999999999997592,
        0.3999999999997592
      ]
    },
    "vmd_mlp_big": {
      "accs": [
        0.6682098507881165,
        0.665123462677002,
        0.6666666865348816
      ],
      "bal_accs": [
        0.5057870370370359,
        0.49999999999999883,
        0.49999999999999883
      ],
      "f1s": [
        0.4177508264408283,
        0.4038234059599851,
        0.3999999999997592
      ]
    },
    "mel_fb_mlp": {
      "accs": [
        0.6666666865348816,
        0.6666666865348816,
        0.6666666865348816
      ],
      "bal_accs": [
        0.49999999999999883,
        0.49999999999999883,
        0.49999999999999883
      ],
      "f1s": [
        0.3999999999997592,
        0.3999999999997592,
        0.3999999999997592
      ]
    }
  }
}