{
  "2class": {
    "raw_cnn": {
      "acc_mean": 0.6691358089447021,
      "acc_std": 0.0,
      "f1_mean": 0.4147903726705451,
      "f1_std": 0.0,
      "accs": [
        0.6691358089447021
      ],
      "f1s": [
        0.4147903726705451
      ]
    },
    "emd_mlp": {
      "acc_mean": 0.6666666865348816,
      "acc_std": 0.0,
      "f1_mean": 0.40352810263546496,
      "f1_std": 0.0,
      "accs": [
        0.6666666865348816
      ],
      "f1s": [
        0.40352810263546496
      ]
    },
    "vmd_mlp": {
      "acc_mean": 0.6666666865348816,
      "acc_std": 0.0,
      "f1_mean": 0.39999999999975944,
      "f1_std": 0.0,
      "accs": [
        0.6666666865348816
      ],
      "f1s": [
        0.39999999999975944
      ]
    },
    "nemd_pretrained": {
      "acc_mean": 0.6666666865348816,
      "acc_std": 0.0,
      "f1_mean": 0.39999999999975944,
      "f1_std": 0.0,
      "accs": [
        0.6666666865348816
      ],
      "f1s": [
        0.39999999999975944
      ]
    },
    "nemd_scratch": {
      "acc_mean": 0.6666666865348816,
      "acc_std": 0.0,
      "f1_mean": 0.39999999999975944,
      "f1_std": 0.0,
      "accs": [
        0.6666666865348816
      ],
      "f1s": [
        0.39999999999975944
      ]
    }
  },
  "3class": {
    "raw_cnn": {
      "acc_mean": 0.37654322385787964,
      "acc_std": 0.0,
      "f1_mean": 0.33564343374601463,
      "f1_std": 0.0,
      "accs": [
        0.37654322385787964
      ],
      "f1s": [
        0.33564343374601463
      ]
    },
    "emd_mlp": {
      "acc_mean": 0.35679012537002563,
      "acc_std": 0.0,
      "f1_mean": 0.3471100779196255,
      "f1_std": 0.0,
      "accs": [
        0.35679012537002563
      ],
      "f1s": [
        0.3471100779196255
      ]
    },
    "vmd_mlp": {
      "acc_mean": 0.3641975224018097,
      "acc_std": 0.0,
      "f1_mean": 0.35842334368535345,
      "f1_std": 0.0,
      "accs": [
        0.3641975224018097
      ],
      "f1s": [
        0.35842334368535345
      ]
    },
    "nemd_pretrained": {
      "acc_mean": 0.3481481373310089,
      "acc_std": 0.0,
      "f1_mean": 0.33100282049965507,
      "f1_std": 0.0,
      "accs": [
        0.3481481373310089
      ],
      "f1s": [
        0.33100282049965507
      ]
    },
    "nemd_scratch": {
      "acc_mean": 0.3345679044723511,
      "acc_std": 0.0,
      "f1_mean": 0.2261400608665383,
      "f1_std": 0.0,
      "accs": [
        0.3345679044723511
      ],
      "f1s": [
        0.2261400608665383
      ]
    }
  },
  "6class": {
    "raw_cnn": {
      "acc_mean": 0.26913580298423767,
      "acc_std": 0.0,
      "f1_mean": 0.16304560579345886,
      "f1_std": 0.0,
      "accs": [
        0.26913580298423767
      ],
      "f1s": [
        0.16304560579345886
      ]
    },
    "emd_mlp": {
      "acc_mean": 0.21975308656692505,
      "acc_std": 0.0,
      "f1_mean": 0.12593461791071414,
      "f1_std": 0.0,
      "accs": [
        0.21975308656692505
      ],
      "f1s": [
        0.12593461791071414
      ]
    },
    "vmd_mlp": {
      "acc_mean": 0.21481481194496155,
      "acc_std": 0.0,
      "f1_mean": 0.12896690340404668,
      "f1_std": 0.0,
      "accs": [
        0.21481481194496155
      ],
      "f1s": [
        0.12896690340404668
      ]
    },
    "nemd_pretrained": {
      "acc_mean": 0.22098764777183533,
      "acc_std": 0.0,
      "f1_mean": 0.12941602551554046,
      "f1_std": 0.0,
      "accs": [
        0.22098764777183533
      ],
      "f1s": [
        0.12941602551554046
      ]
    },
    "nemd_scratch": {
      "acc_mean": 0.2271604984998703,
      "acc_std": 0.0,
      "f1_mean": 0.1341968858179016,
      "f1_std": 0.0,
      "accs": [
        0.2271604984998703
      ],
      "f1s": [
        0.1341968858179016
      ]
    }
  }
}