{
  "3class": {
    "emd_cnn": {
      "acc_mean": 0.36702372630437213,
      "acc_std": 0.009646206076692733,
      "f1_mean": 0.33424569676882326,
      "f1_std": 0.03440921006431363,
      "accs": [
        0.3790123462677002,
        0.3553921580314636,
        0.36666667461395264
      ],
      "f1s": [
        0.36630738424264253,
        0.2865126961159647,
        0.3499170099478626
      ]
    },
    "vmd_cnn": {
      "acc_mean": 0.37804102897644043,
      "acc_std": 0.011961632259334934,
      "f1_mean": 0.3176285049725512,
      "f1_std": 0.02618475009879842,
      "accs": [
        0.37654322385787964,
        0.39338234066963196,
        0.3641975224018097
      ],
      "f1s": [
        0.30972753717052043,
        0.35291016723391944,
        0.2902478105132138
      ]
    },
    "nemd_frozen_cnn": {
      "acc_mean": 0.37645546595255536,
      "acc_std": 0.0057284124876170114,
      "f1_mean": 0.3559984426333466,
      "f1_std": 0.004753977644762765,
      "accs": [
        0.3827160596847534,
        0.3688725531101227,
        0.3777777850627899
      ],
      "f1s": [
        0.36225298134673173,
        0.3507355201488191,
        0.35500682640448894
      ]
    }
  },
  "6class": {
    "emd_cnn": {
      "acc_mean": 0.23971798519293466,
      "acc_std": 0.005892955017847143,
      "f1_mean": 0.12309400354737333,
      "f1_std": 0.014425944119841853,
      "accs": [
        0.23827160894870758,
        0.24754901230335236,
        0.23333333432674408
      ],
      "f1s": [
        0.13237737495262797,
        0.13418527869568808,
        0.10271935699380398
      ]
    },
    "vmd_cnn": {
      "acc_mean": 0.26476942499478656,
      "acc_std": 0.003958734042663776,
      "f1_mean": 0.15151987771807,
      "f1_std": 0.004877499630329595,
      "accs": [
        0.25925925374031067,
        0.26838234066963196,
        0.2666666805744171
      ],
      "f1s": [
        0.14497942156997137,
        0.15289225727421876,
        0.15668795431001983
      ]
    },
    "nemd_frozen_cnn": {
      "acc_mean": 0.2475581020116806,
      "acc_std": 0.007289057754926912,
      "f1_mean": 0.1401747182815586,
      "f1_std": 0.0068411300328663615,
      "accs": [
        0.2567901313304901,
        0.2389705926179886,
        0.2469135820865631
      ],
      "f1s": [
        0.14666258999833828,
        0.14314626556045076,
        0.13071529928588677
      ]
    }
  }
}