{
  "3class": {
    "raw_cnn": {
      "acc_mean": 0.37559308608373004,
      "acc_std": 0.007936993701450344,
      "f1_mean": 0.3223434987123755,
      "f1_std": 0.02030380685214285,
      "accs": [
        0.37654322385787964,
        0.3848039209842682,
        0.36543211340904236
      ],
      "f1s": [
        0.33564343374601463,
        0.33773214855485095,
        0.29365491383626097
      ]
    },
    "emd_mlp": {
      "acc_mean": 0.34565480550130206,
      "acc_std": 0.008258318449711463,
      "f1_mean": 0.329760823801411,
      "f1_std": 0.013192151862993216,
      "accs": [
        0.35679012537002563,
        0.343137264251709,
        0.33703702688217163
      ],
      "f1s": [
        0.3471100779196255,
        0.31514466139185554,
        0.3270277320927519
      ]
    },
    "vmd_mlp": {
      "acc_mean": 0.3723372022310893,
      "acc_std": 0.007724182506910901,
      "f1_mean": 0.3556364251508546,
      "f1_std": 0.004230677635391495,
      "accs": [
        0.3641975224018097,
        0.3700980246067047,
        0.3827160596847534
      ],
      "f1s": [
        0.35842334368535345,
        0.3496579071387849,
        0.35882802462842545
      ]
    },
    "nemd_pretrained": {
      "acc_mean": 0.3300562798976898,
      "acc_std": 0.013756725853752243,
      "f1_mean": 0.305938580411797,
      "f1_std": 0.025346204888899066,
      "accs": [
        0.3481481373310089,
        0.3272058963775635,
        0.31481480598449707
      ],
      "f1s": [
        0.33100282049965507,
        0.3155984196103218,
        0.2712145011254141
      ]
    },
    "nemd_scratch": {
      "acc_mean": 0.35141613086064655,
      "acc_std": 0.01810868269874461,
      "f1_mean": 0.3110133596289652,
      "f1_std": 0.06146197457818816,
      "accs": [
        0.3345679044723511,
        0.343137264251709,
        0.37654322385787964
      ],
      "f1s": [
        0.2261400608665383,
        0.3372095088189085,
        0.3696905092014487
      ]
    }
  },
  "6class": {
    "raw_cnn": {
      "acc_mean": 0.2602578053871791,
      "acc_std": 0.008186873612946451,
      "f1_mean": 0.14963656667606093,
      "f1_std": 0.01471561261368733,
      "accs": [
        0.26913580298423767,
        0.26225489377975464,
        0.24938271939754486
      ],
      "f1s": [
        0.16304560579345886,
        0.156715085039215,
        0.1291490091955089
      ]
    },
    "emd_mlp": {
      "acc_mean": 0.21591624120871225,
      "acc_std": 0.006026311916040455,
      "f1_mean": 0.1270648843693064,
      "f1_std": 0.005171009113126183,
      "accs": [
        0.21975308656692505,
        0.22058823704719543,
        0.2074074000120163
      ],
      "f1s": [
        0.12593461791071414,
        0.12137295149926434,
        0.1338870836979407
      ]
    },
    "vmd_mlp": {
      "acc_mean": 0.2368282526731491,
      "acc_std": 0.01581010987550257,
      "f1_mean": 0.13207451056125405,
      "f1_std": 0.002320609613539617,
      "accs": [
        0.21481481194496155,
        0.2512255012989044,
        0.24444444477558136
      ],
      "f1s": [
        0.12896690340404668,
        0.1345420574216573,
        0.13271457085805818
      ]
    },
    "nemd_pretrained": {
      "acc_mean": 0.22863713403542837,
      "acc_std": 0.005882605498327112,
      "f1_mean": 0.1181508330648427,
      "f1_std": 0.012238908858429464,
      "accs": [
        0.22098764777183533,
        0.23529411852359772,
        0.22962963581085205
      ],
      "f1s": [
        0.12941602551554046,
        0.12389839124767177,
        0.1011380824313159
      ]
    },
    "nemd_scratch": {
      "acc_mean": 0.21675744156042734,
      "acc_std": 0.007482780153264488,
      "f1_mean": 0.12000100591565604,
      "f1_std": 0.01021003390260753,
      "accs": [
        0.2271604984998703,
        0.2132352888584137,
        0.20987653732299805
      ],
      "f1s": [
        0.1341968858179016,
        0.11061725455731737,
        0.11518887737174915
      ]
    }
  }
}