{
  "config": {
    "seeds": [
      42,
      43,
      44
    ],
    "n_epochs": 50
  },
  "parametric_pou": {
    "snr_3_db": {
      "seed_42": {
        "test_acc": 0.9366666674613953,
        "n_params": 106889,
        "wallclock_sec": 28.601478708034847
      },
      "seed_43": {
        "test_acc": 0.9083333611488342,
        "n_params": 106889,
        "wallclock_sec": 25.99904104199959
      },
      "seed_44": {
        "test_acc": 0.9333333373069763,
        "n_params": 106889,
        "wallclock_sec": 26.642584207991604
      }
    },
    "snr_10_db": {
      "seed_42": {
        "test_acc": 0.9449999928474426,
        "n_params": 106889,
        "wallclock_sec": 26.446009375038557
      },
      "seed_43": {
        "test_acc": 0.9283333420753479,
        "n_params": 106889,
        "wallclock_sec": 26.566065624996554
      },
      "seed_44": {
        "test_acc": 0.9466666579246521,
        "n_params": 106889,
        "wallclock_sec": 26.593466875026934
      }
    },
    "snr_20_db": {
      "seed_42": {
        "test_acc": 0.9449999928474426,
        "n_params": 106889,
        "wallclock_sec": 26.638433957996313
      }
    }
  }
}