{
  "config": {
    "snr": 10.0,
    "seeds": [
      42,
      43
    ],
    "lambdas": [
      0.0,
      0.01,
      0.1,
      1.0
    ],
    "n_train": 1000,
    "n_val": 200,
    "n_test": 200,
    "epochs": 50,
    "nemd_ckpt": "checkpoints_p25b_v3/final.pt",
    "variant": "pretrained"
  },
  "results": {
    "lambda_0.0": {
      "seed_42": {
        "test_acc": 0.8349999785423279,
        "wallclock_sec": 283.3629433749884
      },
      "seed_43": {
        "test_acc": 0.7583333253860474,
        "wallclock_sec": 274.5612751249864
      }
    },
    "lambda_0.01": {
      "seed_42": {
        "test_acc": 0.8100000023841858,
        "wallclock_sec": 259.6878173330042
      },
      "seed_43": {
        "test_acc": 0.9166666865348816,
        "wallclock_sec": 262.20678154198686
      }
    },
    "lambda_0.1": {
      "seed_42": {
        "test_acc": 0.9100000262260437,
        "wallclock_sec": 261.76547466698685
      },
      "seed_43": {
        "test_acc": 0.8833333253860474,
        "wallclock_sec": 266.2031235419854
      }
    },
    "lambda_1.0": {
      "seed_42": {
        "test_acc": 0.8083333373069763,
        "wallclock_sec": 265.7930891249853
      },
      "seed_43": {
        "test_acc": 0.875,
        "wallclock_sec": 269.0638545830152
      }
    }
  }
}