{
  "A_in_dist": {
    "N-EMD": {
      "ortho_mean": 7.141619355849524e-05,
      "ortho_std": 0.0005398448011603605,
      "energy_mean": 0.9999287908451135,
      "energy_std": 0.0005358144945013423,
      "mode_mix_mean": 0.3713611622490638,
      "mode_mix_std": 0.07961522908094054,
      "total_time_sec": 1.6038062502630055,
      "per_signal_ms": 8.019031251315027
    },
    "VMD": {
      "ortho_mean": 0.04366597138808457,
      "ortho_std": 0.03356640154756243,
      "energy_mean": 0.8006971270969118,
      "energy_std": 0.11312832350723469,
      "mode_mix_mean": 0.155579705294065,
      "mode_mix_std": 0.10555457236751964,
      "total_time_sec": 2.1380764171481133,
      "per_signal_ms": 10.690382085740566
    },
    "EMD": {
      "ortho_mean": 0.09774760046140454,
      "ortho_std": 0.05463141565700722,
      "energy_mean": 0.9350537863898988,
      "energy_std": 0.11963088881817224,
      "mode_mix_mean": 0.2430360328159896,
      "mode_mix_std": 0.14518314487899356,
      "total_time_sec": 1.4705950831994414,
      "per_signal_ms": 7.352975415997207
    }
  },
  "B_high_freq": {
    "N-EMD": {
      "ortho_mean": 2.7571797388825078e-05,
      "ortho_std": 3.1880608700128685e-05,
      "energy_mean": 0.9999723454007956,
      "energy_std": 3.187820484893404e-05,
      "mode_mix_mean": 0.4235445373449078,
      "mode_mix_std": 0.02361588241608321,
      "total_time_sec": 1.7730102501809597,
      "per_signal_ms": 8.865051250904799
    },
    "VMD": {
      "ortho_mean": 0.05632404514950557,
      "ortho_std": 0.03554857603224901,
      "energy_mean": 0.6983129622124278,
      "energy_std": 0.1263075793109946,
      "mode_mix_mean": 0.1375630291713473,
      "mode_mix_std": 0.1324169042337013,
      "total_time_sec": 1.6569170840084553,
      "per_signal_ms": 8.284585420042276
    },
    "EMD": {
      "ortho_mean": 0.08293463008384352,
      "ortho_std": 0.041874840928422336,
      "energy_mean": 1.0135144930326387,
      "energy_std": 0.05616308150095387,
      "mode_mix_mean": 0.37604905787785375,
      "mode_mix_std": 0.07577156017251063,
      "total_time_sec": 1.0191544159315526,
      "per_signal_ms": 5.095772079657763
    }
  },
  "C_noisy_5dB": {
    "N-EMD": {
      "ortho_mean": 0.0002702499902349428,
      "ortho_std": 0.0016958285829584685,
      "energy_mean": 0.9997325453190362,
      "energy_std": 0.0016610258802739668,
      "mode_mix_mean": 0.4486893967733726,
      "mode_mix_std": 0.07644851267904153,
      "total_time_sec": 1.6605243333615363,
      "per_signal_ms": 8.302621666807681
    },
    "VMD": {
      "ortho_mean": 0.04117787969788975,
      "ortho_std": 0.0188740225987,
      "energy_mean": 0.5992263569235529,
      "energy_std": 0.06910560385646433,
      "mode_mix_mean": 0.2486686792063786,
      "mode_mix_std": 0.02960969648619738,
      "total_time_sec": 1.7845499580726027,
      "per_signal_ms": 8.922749790363014
    },
    "EMD": {
      "ortho_mean": 0.06339970529399533,
      "ortho_std": 0.03235653254445544,
      "energy_mean": 0.7925878554085324,
      "energy_std": 0.09402948114577464,
      "mode_mix_mean": 0.4560839939595043,
      "mode_mix_std": 0.08236288240592646,
      "total_time_sec": 1.1400218331255019,
      "per_signal_ms": 5.700109165627509
    }
  },
  "D_damped": {
    "N-EMD": {
      "ortho_mean": 0.00133129484619113,
      "ortho_std": 0.013039254524572939,
      "energy_mean": 0.998816182593813,
      "energy_std": 0.011203506887516397,
      "mode_mix_mean": 0.3793001008581319,
      "mode_mix_std": 0.07438197424569244,
      "total_time_sec": 1.6760340412147343,
      "per_signal_ms": 8.380170206073672
    },
    "VMD": {
      "ortho_mean": 0.023692909126333376,
      "ortho_std": 0.02111736182911531,
      "energy_mean": 0.830776583113442,
      "energy_std": 0.10551806585548314,
      "mode_mix_mean": 0.1760774101728283,
      "mode_mix_std": 0.09669494165893372,
      "total_time_sec": 1.434961040969938,
      "per_signal_ms": 7.17480520484969
    },
    "EMD": {
      "ortho_mean": 0.08847703648057142,
      "ortho_std": 0.05592825890932931,
      "energy_mean": 0.9500333698564276,
      "energy_std": 0.14003293279663295,
      "mode_mix_mean": 0.2770046274541878,
      "mode_mix_std": 0.13741543247498186,
      "total_time_sec": 1.3152509997598827,
      "per_signal_ms": 6.576254998799413
    }
  },
  "E_K_mismatch": {
    "N-EMD": {
      "ortho_mean": 0.00027496646673393516,
      "ortho_std": 0.002624292874474162,
      "energy_mean": 0.9997316814040732,
      "energy_std": 0.0025391167358871586,
      "mode_mix_mean": 0.38638703549225845,
      "mode_mix_std": 0.05090963648129643,
      "total_time_sec": 1.5783407078124583,
      "per_signal_ms": 7.891703539062291
    },
    "VMD": {
      "ortho_mean": 0.0761326311510087,
      "ortho_std": 0.026968040280927613,
      "energy_mean": 0.6973990979302108,
      "energy_std": 0.0870778503419764,
      "mode_mix_mean": 0.2397062460687112,
      "mode_mix_std": 0.08357769095801726,
      "total_time_sec": 2.0760623328387737,
      "per_signal_ms": 10.380311664193869
    },
    "EMD": {
      "ortho_mean": 0.10392003878763674,
      "ortho_std": 0.049933358010292,
      "energy_mean": 0.772970800281773,
      "energy_std": 0.09621470069704065,
      "mode_mix_mean": 0.44195261808820063,
      "mode_mix_std": 0.05771641212334912,
      "total_time_sec": 1.2334097921848297,
      "per_signal_ms": 6.167048960924149
    }
  }
}